FID,OBJECTID,TYPE,FORMAL_EN,POP_EST,POP_RANK,GDP_MD_EST,POP_YEAR,LASTCENSUS,GDP_YEAR,ECONOMY,INCOME_GRP,FIPS_10_,ISO_A3_EH,WB_A3,CONTINENT,REGION_UN,SUBREGION,REGION_WB,NAME_EN,WB_NAME,Shape_Leng,Shape_Area,Lat,Long
0,1,Sovereign country,Republic of Indonesia,260580739,17,3028000,2017,2010,2016,4. Emerging region: MIKT,4. Lower middle income,ID,IDN,IDN,Asia,Asia,South-Eastern Asia,East Asia & Pacific,Indonesia,Indonesia,495.0299182,153.0786077,-2,117
1,2,Sovereign country,Malaysia,31381992,15,863000,2017,2010,2016,6. Developing region,3. Upper middle income,MY,MYS,MYS,Asia,Asia,South-Eastern Asia,East Asia & Pacific,Malaysia,Malaysia,68.45691262,26.70317216,4,110
2,3,Sovereign country,Republic of Chile,17789267,14,436100,2017,2002,2016,5. Emerging region: G20,3. Upper middle income,CI,CHL,CHL,South America,Americas,South America,Latin America & Caribbean,Chile,Chile,416.9972716,76.76181256,-38,-71
3,4,Sovereign country,Plurinational State of Bolivia,11138234,14,78350,2017,2001,2016,5. Emerging region: G20,4. Lower middle income,BL,BOL,BOL,South America,Americas,South America,Latin America & Caribbean,Bolivia,Bolivia,54.34599074,92.20358742,-17,-65
4,5,Sovereign country,Republic of Peru,31036656,15,410400,2017,2007,2016,5. Emerging region: G20,3. Upper middle income,PE,PER,PER,South America,Americas,South America,Latin America & Caribbean,Peru,Peru,73.26219236,106.4170892,-9,-74
5,6,Sovereign country,Argentine Republic,44293293,15,879400,2017,2010,2016,5. Emerging region: G20,3. Upper middle income,AR,ARG,ARG,South America,Americas,South America,Latin America & Caribbean,Argentina,Argentina,151.5131036,278.6810725,-35,-65
6,7,Sovereign country,Republic of Cyprus,1221549,12,29260,2017,2001,2016,6. Developing region,2. High income: nonOECD,CY,CYP,CYP,Asia,Asia,Western Asia,Europe & Central Asia,Cyprus,Cyprus,9.596701124,0.883311005,35,33
7,8,Sovereign country,Republic of India,1281935911,18,8721000,2017,2011,2016,3. Emerging region: BRIC,4. Lower middle income,IN,IND,IND,Asia,Asia,Southern Asia,South Asia,India,India,199.0470245,272.3043514,23,79
8,9,Country,People's Republic of China,1379302771,18,21140000,2017,2010,2016,3. Emerging region: BRIC,3. Upper middle income,CH,CHN,CHN,Asia,Asia,Eastern Asia,East Asia & Pacific,People's Republic of China,China,376.6670947,951.3648499,37,104
9,10,Country,State of Israel,8299706,13,297000,2017,2009,2016,2. Developed region: nonG7,1. High income: OECD,-99,ISR,ISR,Asia,Asia,Western Asia,Middle East & North Africa,Israel,Israel,11.1306298,1.954304451,31,35
10,11,Disputed,West Bank and Gaza,4543126,12,21220.77,2017,2007,2016,6. Developing region,4. Lower middle income,-99,PSE,PSE,Asia,Asia,Western Asia,Middle East & North Africa,Palestine,West Bank and Gaza,4.945994839,0.59872279,32,35
11,12,Sovereign country,Lebanese Republic,6229794,13,85160,2017,1970,2016,6. Developing region,3. Upper middle income,LE,LBN,LBN,Asia,Asia,Western Asia,Middle East & North Africa,Lebanon,Lebanon,6.083822315,0.974971983,34,36
12,13,Sovereign country,Federal Democratic Republic of Ethiopia,105350020,17,174700,2017,2007,2016,7. Least developed region,5. Low income,ET,ETH,ETH,Africa,Africa,Eastern Africa,Sub-Saharan Africa,Ethiopia,Ethiopia,47.37513551,92.7077817,9,40
13,14,Sovereign country,Republic of South Sudan,13026129,14,20880,2017,2008,2016,7. Least developed region,5. Low income,-99,SSD,SSD,Africa,Africa,Eastern Africa,Sub-Saharan Africa,South Sudan,South Sudan,43.01752296,51.63129825,7,30
14,15,Sovereign country,Federal Republic of Somalia,7531386,13,4719,2017,1987,2016,7. Least developed region,5. Low income,SO,SOM,SOM,Africa,Africa,Eastern Africa,Sub-Saharan Africa,Somalia,Somalia,50.35328748,52.31181078,6,46
15,16,Sovereign country,Republic of Kenya,47615739,15,152700,2017,2009,2016,5. Emerging region: G20,5. Low income,KE,KEN,KEN,Africa,Africa,Eastern Africa,Sub-Saharan Africa,Kenya,Kenya,36.42147529,47.34379994,1,38
16,17,Sovereign country,Islamic Republic of Pakistan,204924861,17,988200,2017,1998,2016,5. Emerging region: G20,4. Lower middle income,PK,PAK,PAK,Asia,Asia,Southern Asia,South Asia,Pakistan,Pakistan,74.36146957,81.71043615,30,69
17,18,Sovereign country,Republic of Malawi,19196246,14,21200,2017,2008,2016,7. Least developed region,5. Low income,MI,MWI,MWI,Africa,Africa,Eastern Africa,Sub-Saharan Africa,Malawi,Malawi,24.74213473,9.962327164,-13,34
18,19,Sovereign country,United Republic of Tanzania,53950935,16,150600,2017,2002,2016,7. Least developed region,5. Low income,TZ,TZA,TZA,Africa,Africa,Eastern Africa,Sub-Saharan Africa,Tanzania,Tanzania,51.17509796,77.01865005,-6,35
19,20,Sovereign country,Syrian Arab Republic,18028549,14,50280,2017,2004,2015,6. Developing region,4. Lower middle income,SY,SYR,SYR,Asia,Asia,Western Asia,Middle East & North Africa,Syria,Syrian Arab Republic,23.46221201,18.49251786,35,38
20,21,Country,French Republic,67106161,16,2699000,2017,-99,2016,1. Developed region: G7,1. High income: OECD,FR,FRA,FRA,Europe,Europe,Western Europe,Europe & Central Asia,France,France,102.2085507,71.57581758,42,-3
21,22,Sovereign country,Republic of Suriname,591919,11,8547,2017,2004,2016,6. Developing region,3. Upper middle income,NS,SUR,SUR,South America,Americas,South America,Latin America & Caribbean,Suriname,Suriname,18.51134967,11.82168927,4,-56
22,23,Sovereign country,Co-operative Republic of Guyana,737718,11,6093,2017,2002,2016,6. Developing region,4. Lower middle income,GY,GUY,GUY,South America,Americas,South America,Latin America & Caribbean,Guyana,Guyana,28.73685817,17.22646066,5,-59
23,24,Sovereign country,Republic of Korea,51181299,16,1929000,2017,2010,2016,4. Emerging region: MIKT,1. High income: OECD,KS,KOR,KOR,Asia,Asia,Eastern Asia,East Asia & Pacific,South Korea,"Korea, Republic of",50.6676015,9.898048219,36,128
24,25,Sovereign country,Democratic People's Republic of Korea,25248140,15,40000,2013,2009,2016,7. Least developed region,5. Low income,KN,PRK,PRK,Asia,Asia,Eastern Asia,East Asia & Pacific,North Korea,"Korea, Democratic People's Republic of",35.33227698,12.93804593,40,127
25,26,Sovereign country,Kingdom of Morocco,33986655,15,282800,2017,2004,2016,6. Developing region,4. Lower middle income,MO,MAR,MAR,Africa,Africa,Northern Africa,Middle East & North Africa,Morocco,Morocco,37.31620152,39.45870093,32,-6
26,27,Sovereign country,Republic of Costa Rica,4930258,12,79260,2017,2011,2016,5. Emerging region: G20,3. Upper middle income,CS,CRI,CRI,North America,Americas,Central America,Latin America & Caribbean,Costa Rica,Costa Rica,18.38046693,4.217325808,10,-84
27,28,Sovereign country,Republic of Nicaragua,6025951,13,33550,2017,2005,2016,6. Developing region,4. Lower middle income,NU,NIC,NIC,North America,Americas,Central America,Latin America & Caribbean,Nicaragua,Nicaragua,22.1171738,10.71786151,13,-85
28,29,Sovereign country,Republic of the Congo,4954674,12,30270,2017,2007,2016,6. Developing region,4. Lower middle income,CF,COG,COG,Africa,Africa,Middle Africa,Sub-Saharan Africa,Republic of the Congo,"Congo, Rep. of",39.58354305,28.04454509,-1,15
29,30,Sovereign country,Democratic Republic of the Congo,83301151,16,66010,2017,1984,2016,7. Least developed region,5. Low income,CG,COD,ZAR,Africa,Africa,Middle Africa,Sub-Saharan Africa,Democratic Republic of the Congo,"Congo, Democratic Republic of",87.70156032,189.6789042,-3,24
30,31,Sovereign country,Kingdom of Bhutan,758288,11,6432,2017,2005,2016,7. Least developed region,4. Lower middle income,BT,BTN,BTN,Asia,Asia,Southern Asia,South Asia,Bhutan,Bhutan,9.889845366,3.684026842,27,90
31,32,Sovereign country,Ukraine,44033874,15,352600,2017,2001,2016,6. Developing region,4. Lower middle income,UP,UKR,UKR,Europe,Europe,Eastern Europe,Europe & Central Asia,Ukraine,Ukraine,84.13558186,73.64989011,49,31
32,33,Sovereign country,Republic of Belarus,9549747,13,165400,2017,2009,2016,6. Developing region,3. Upper middle income,BO,BLR,BLR,Europe,Europe,Eastern Europe,Europe & Central Asia,Belarus,Belarus,33.71342963,28.12239036,54,28
33,34,Sovereign country,Republic of Namibia,2484780,12,25990,2017,2001,2016,6. Developing region,3. Upper middle income,WA,NAM,NAM,Africa,Africa,Southern Africa,Sub-Saharan Africa,Namibia,Namibia,49.89304374,72.12914876,-22,17
34,35,Sovereign country,Republic of South Africa,54841552,16,739100,2017,2001,2016,5. Emerging region: G20,3. Upper middle income,SF,ZAF,ZAF,Africa,Africa,Southern Africa,Sub-Saharan Africa,South Africa,South Africa,72.96751249,113.1013421,-29,25
35,36,Dependency,Saint-Martin (French part),32125,7,561.5,2017,-99,2016,6. Developing region,2. High income: nonOECD,RN,MAF,MAF,North America,Americas,Caribbean,Latin America & Caribbean,Saint Martin,Saint-Martin (Fr.),0.387238312,0.005827763,18,-63
36,37,Country,Sint Maarten (Dutch part),42083,7,365.8,2017,-99,2014,6. Developing region,2. High income: nonOECD,NT,SXM,SXM,North America,Americas,Caribbean,Latin America & Caribbean,Sint Maarten,Sint Maarten (Neth.),0.226585552,0.001993193,18,-63
37,38,Sovereign country,Sultanate of Oman,3424386,12,173100,2017,2010,2016,6. Developing region,2. High income: nonOECD,MU,OMN,OMN,Asia,Asia,Western Asia,Middle East & North Africa,Oman,Oman,35.41069694,26.98300055,21,56
38,39,Sovereign country,Republic of Uzbekistan,29748859,15,202300,2017,1989,2016,6. Developing region,4. Lower middle income,UZ,UZB,UZB,Asia,Asia,Central Asia,Europe & Central Asia,Uzbekistan,Uzbekistan,64.67658906,48.50658428,42,63
39,40,Sovereign country,Republic of Kazakhstan,18556698,14,460700,2017,2009,2016,6. Developing region,3. Upper middle income,KZ,KAZ,KAZ,Asia,Asia,Central Asia,Europe & Central Asia,Kazakhstan,Kazakhstan,158.8201198,329.3675731,48,67
40,41,Sovereign country,Republic of Tajikistan,8468555,13,25810,2017,2010,2016,6. Developing region,5. Low income,TI,TJK,TJK,Asia,Asia,Central Asia,Europe & Central Asia,Tajikistan,Tajikistan,36.69270624,14.69667302,39,71
41,42,Sovereign country,Republic of Lithuania,2823859,12,85620,2017,2011,2016,2. Developed region: nonG7,3. Upper middle income,LH,LTU,LTU,Europe,Europe,Northern Europe,Europe & Central Asia,Lithuania,Lithuania,17.84207454,9.190397398,55,24
42,43,Sovereign country,Federative Republic of Brazil,207353391,17,3081000,2017,2010,2016,3. Emerging region: BRIC,3. Upper middle income,BR,BRA,BRA,South America,Americas,South America,Latin America & Caribbean,Brazil,Brazil,283.8247367,707.102986,-11,-53
43,44,Sovereign country,Oriental Republic of Uruguay,3360148,12,73250,2017,2004,2016,5. Emerging region: G20,3. Upper middle income,UY,URY,URY,South America,Americas,South America,Latin America & Caribbean,Uruguay,Uruguay,19.30681488,17.0762328,-33,-56
44,45,Sovereign country,Mongolia,3068243,12,37000,2017,2010,2016,6. Developing region,4. Lower middle income,MG,MNG,MNG,Asia,Asia,Eastern Asia,East Asia & Pacific,Mongolia,Mongolia,85.72407199,184.6029871,47,103
45,46,Sovereign country,Russian Federation,142257519,17,3745000,2017,2010,2016,3. Emerging region: BRIC,3. Upper middle income,RS,RUS,RUS,Europe,Europe,Eastern Europe,Europe & Central Asia,Russia,Russian Federation,1645.536147,2925.332609,62,97
46,47,Sovereign country,Czech Republic,10674723,14,350900,2017,2011,2016,2. Developed region: nonG7,1. High income: OECD,EZ,CZE,CZE,Europe,Europe,Eastern Europe,Europe & Central Asia,Czech Republic,Czech Republic,20.37090413,9.822665866,50,15
47,48,Sovereign country,Federal Republic of Germany,80594017,16,3979000,2017,2011,2016,1. Developed region: G7,1. High income: OECD,GM,DEU,DEU,Europe,Europe,Western Europe,Europe & Central Asia,Germany,Germany,68.23518683,45.9300273,51,10
48,49,Sovereign country,Republic of Estonia,1251581,12,38700,2017,2000,2016,2. Developed region: nonG7,1. High income: OECD,EN,EST,EST,Europe,Europe,Northern Europe,Europe & Central Asia,Estonia,Estonia,27.20800754,7.089583296,59,26
49,50,Sovereign country,Republic of Latvia,1944643,12,50650,2017,2011,2016,2. Developed region: nonG7,3. Upper middle income,LG,LVA,LVA,Europe,Europe,Northern Europe,Europe & Central Asia,Latvia,Latvia,20.19113309,9.504864096,57,25
50,51,Sovereign country,Kingdom of Norway,5320045,13,364700,2017,2001,2016,2. Developed region: nonG7,1. High income: OECD,-99,-99,NOR,Europe,Europe,Northern Europe,Europe & Central Asia,Norway,Norway,552.733226,85.59744336,69,15
51,52,Sovereign country,Kingdom of Sweden,9960487,13,498100,2017,-99,2016,2. Developed region: nonG7,1. High income: OECD,SW,SWE,SWE,Europe,Europe,Northern Europe,Europe & Central Asia,Sweden,Sweden,116.6266278,78.56087934,63,17
52,53,Country,Republic of Finland,5491218,13,224137,2017,2010,2016,2. Developed region: nonG7,1. High income: OECD,FI,FIN,FIN,Europe,Europe,Northern Europe,Europe & Central Asia,Finland,Finland,94.25143646,62.38019291,64,26
53,54,Sovereign country,Socialist Republic of Vietnam,96160163,16,594900,2017,2009,2016,5. Emerging region: G20,4. Lower middle income,VM,VNM,VNM,Asia,Asia,South-Eastern Asia,East Asia & Pacific,Vietnam,Vietnam,87.71984407,27.94506076,17,106
54,55,Sovereign country,Kingdom of Cambodia,16204486,14,58940,2017,2008,2016,7. Least developed region,5. Low income,CB,KHM,KHM,Asia,Asia,South-Eastern Asia,East Asia & Pacific,Cambodia,Cambodia,26.03261292,15.0716947,13,105
55,56,Sovereign country,Grand Duchy of Luxembourg,594130,11,58740,2017,2011,2016,2. Developed region: nonG7,1. High income: OECD,LU,LUX,LUX,Europe,Europe,Western Europe,Europe & Central Asia,Luxembourg,Luxembourg,2.960063132,0.325538938,50,6
56,57,Sovereign country,United Arab Emirates,6072475,13,667200,2017,2010,2016,6. Developing region,2. High income: nonOECD,AE,ARE,ARE,Asia,Asia,Western Asia,Middle East & North Africa,United Arab Emirates,United Arab Emirates,21.46628993,6.303559529,24,54
57,58,Sovereign country,Kingdom of Belgium,11491346,14,508600,2017,2011,2016,2. Developed region: nonG7,1. High income: OECD,BE,BEL,BEL,Europe,Europe,Western Europe,Europe & Central Asia,Belgium,Belgium,13.49679003,3.897350833,51,5
58,59,Sovereign country,Georgia,4926330,12,37270,2017,2002,2016,6. Developing region,4. Lower middle income,GG,GEO,GEO,Asia,Asia,Western Asia,Europe & Central Asia,Georgia,Georgia,18.82616864,7.580224379,42,44
59,60,Sovereign country,Former Yugoslav Republic of Macedonia,2103721,12,29520,2017,2010,2016,6. Developing region,3. Upper middle income,MK,MKD,MKD,Europe,Europe,Southern Europe,Europe & Central Asia,Republic of Macedonia,North Macedonia,7.619151871,2.741446342,42,22
60,61,Sovereign country,Republic of Albania,3047987,12,33900,2017,2001,2016,6. Developing region,4. Lower middle income,AL,ALB,ALB,Europe,Europe,Southern Europe,Europe & Central Asia,Albania,Albania,11.05045721,3.039395132,41,20
61,62,Sovereign country,Republic of Azerbaijan,9961396,13,167900,2017,2009,2016,6. Developing region,3. Upper middle income,AJ,AZE,AZE,Asia,Asia,Western Asia,Europe & Central Asia,Azerbaijan,Azerbaijan,27.68970852,9.135449847,40,48
62,63,Sovereign country,Republic of Kosovo,1895250,12,18490,2017,1981,2016,6. Developing region,4. Lower middle income,KV,-99,KSV,Europe,Europe,Southern Europe,Europe & Central Asia,Kosovo,Kosovo,5.925912833,1.196571659,43,21
63,64,Sovereign country,Republic of Turkey,80845215,16,1670000,2017,2000,2016,4. Emerging region: MIKT,3. Upper middle income,TU,TUR,TUR,Asia,Asia,Western Asia,Europe & Central Asia,Turkey,Turkey,87.58830499,81.20944758,39,35
64,65,Sovereign country,Kingdom of Spain,48958159,15,1690000,2017,2001,2016,2. Developed region: nonG7,1. High income: OECD,SP,ESP,ESP,Europe,Europe,Southern Europe,Europe & Central Asia,Spain,Spain,70.28598535,53.68192825,40,-4
65,66,Sovereign country,Lao People's Democratic Republic,7126706,13,40960,2017,2005,2016,7. Least developed region,4. Lower middle income,LA,LAO,LAO,Asia,Asia,South-Eastern Asia,East Asia & Pacific,Laos,Lao People's Democratic Republic,40.58599988,19.5287003,19,104
66,67,Sovereign country,Kyrgyz Republic,5789122,13,21010,2017,2009,2016,6. Developing region,5. Low income,KG,KGZ,KGZ,Asia,Asia,Central Asia,Europe & Central Asia,Kyrgyzstan,Kyrgyz Republic,40.58256654,21.44882646,41,75
67,68,Sovereign country,Republic of Armenia,3045191,12,26300,2017,2001,2016,6. Developing region,4. Lower middle income,AM,ARM,ARM,Asia,Asia,Western Asia,Europe & Central Asia,Armenia,Armenia,12.80647124,3.133777895,40,45
68,69,Country,Kingdom of Denmark,5605948,13,264800,2017,2011,2016,2. Developed region: nonG7,1. High income: OECD,DA,DNK,DNK,Europe,Europe,Northern Europe,Europe & Central Asia,Denmark,Denmark,55.76550806,6.141073788,56,10
69,70,Sovereign country,Libya,6653210,13,90890,2017,2006,2016,6. Developing region,3. Upper middle income,LY,LBY,LBY,Africa,Africa,Northern Africa,Middle East & North Africa,Libya,Libya,58.1406838,147.8943318,27,18
70,71,Sovereign country,Republic of Tunisia,11403800,14,130800,2017,2004,2016,6. Developing region,3. Upper middle income,TS,TUN,TUN,Africa,Africa,Northern Africa,Middle East & North Africa,Tunisia,Tunisia,27.09865102,15.31074927,34,10
71,72,Sovereign country,Romania,21529967,15,441000,2017,2011,2016,2. Developed region: nonG7,3. Upper middle income,RO,ROU,ROM,Europe,Europe,Eastern Europe,Europe & Central Asia,Romania,Romania,31.53491534,27.38718168,46,25
72,73,Sovereign country,Republic of Hungary,9850845,13,267600,2017,2001,2016,2. Developed region: nonG7,1. High income: OECD,HU,HUN,HUN,Europe,Europe,Eastern Europe,Europe & Central Asia,Hungary,Hungary,19.35686592,11.0570051,47,19
73,74,Sovereign country,Slovak Republic,5445829,13,168800,2017,2011,2016,2. Developed region: nonG7,1. High income: OECD,LO,SVK,SVK,Europe,Europe,Eastern Europe,Europe & Central Asia,Slovakia,Slovak Republic,14.9033383,5.920516899,49,19
74,75,Sovereign country,Republic of Poland,38476269,15,1052000,2017,2011,2016,2. Developed region: nonG7,1. High income: OECD,PL,POL,POL,Europe,Europe,Eastern Europe,Europe & Central Asia,Poland,Poland,37.81875695,41.14177258,52,19
75,76,Sovereign country,Ireland,5011102,13,322000,2017,2011,2016,2. Developed region: nonG7,1. High income: OECD,EI,IRL,IRL,Europe,Europe,Northern Europe,Europe & Central Asia,Ireland,Ireland,48.24201583,9.334047783,53,-8
76,77,Country,United Kingdom of Great Britain and Northern Ireland,64769452,16,2788000,2017,2011,2016,1. Developed region: G7,1. High income: OECD,UK,GBR,GBR,Europe,Europe,Northern Europe,Europe & Central Asia,United Kingdom,United Kingdom,155.6140913,33.54573621,54,-3
77,78,Sovereign country,Hellenic Republic,10768477,14,290500,2017,2011,2016,2. Developed region: nonG7,1. High income: OECD,GR,GRC,GRC,Europe,Europe,Southern Europe,Europe & Central Asia,Greece,Greece,108.70939,13.67420069,39,23
78,79,Sovereign country,Republic of Zambia,15972000,14,65170,2017,2010,2016,7. Least developed region,4. Lower middle income,ZA,ZMB,ZMB,Africa,Africa,Eastern Africa,Sub-Saharan Africa,Zambia,Zambia,51.22061268,62.81560251,-13,28
79,80,Sovereign country,Republic of Sierra Leone,6163195,13,10640,2017,2004,2016,7. Least developed region,5. Low income,SL,SLE,SLE,Africa,Africa,Western Africa,Sub-Saharan Africa,Sierra Leone,Sierra Leone,16.75911118,5.882082076,9,-12
80,81,Sovereign country,Republic of Guinea,12413867,14,16080,2017,1996,2016,7. Least developed region,5. Low income,GV,GIN,GIN,Africa,Africa,Western Africa,Sub-Saharan Africa,Guinea,Guinea,36.70215939,20.17638848,10,-11
81,82,Sovereign country,Republic of Liberia,4689021,12,3881,2017,2008,2016,7. Least developed region,5. Low income,LI,LBR,LBR,Africa,Africa,Western Africa,Sub-Saharan Africa,Liberia,Liberia,17.02369378,7.791180137,6,-9
82,83,Sovereign country,Central African Republic,5625118,13,3206,2017,2003,2016,7. Least developed region,5. Low income,CT,CAF,CAF,Africa,Africa,Middle Africa,Sub-Saharan Africa,Central African Republic,Central African Republic,44.63663554,50.54770205,7,20
83,84,Sovereign country,Republic of the Sudan,37345935,15,176300,2017,2008,2016,6. Developing region,4. Lower middle income,SU,SDN,SDN,Africa,Africa,Northern Africa,Sub-Saharan Africa,Sudan,Sudan,67.7697484,156.2054618,16,30
84,85,Sovereign country,Republic of Djibouti,865267,11,3345,2017,2009,2016,7. Least developed region,4. Lower middle income,DJ,DJI,DJI,Africa,Africa,Eastern Africa,Middle East & North Africa,Djibouti,Djibouti,7.493397651,1.811975444,12,43
85,86,Sovereign country,State of Eritrea,5918919,13,9169,2017,1984,2016,7. Least developed region,5. Low income,ER,ERI,ERI,Africa,Africa,Eastern Africa,Sub-Saharan Africa,Eritrea,Eritrea,27.61092753,10.31616269,15,39
86,87,Sovereign country,Republic of Austria,8754413,13,416600,2017,2011,2016,2. Developed region: nonG7,1. High income: OECD,AU,AUT,AUT,Europe,Europe,Western Europe,Europe & Central Asia,Austria,Austria,24.13847181,10.04370845,48,14
87,88,Sovereign country,Republic of Iraq,39192111,15,596700,2017,1997,2016,6. Developing region,4. Lower middle income,IZ,IRQ,IRQ,Asia,Asia,Western Asia,Middle East & North Africa,Iraq,Iraq,34.67601253,42.24398347,33,44
88,89,Sovereign country,Italian Republic,62137802,16,2221000,2017,2012,2016,1. Developed region: G7,1. High income: OECD,IT,ITA,ITA,Europe,Europe,Southern Europe,Europe & Central Asia,Italy,Italy,80.20675549,33.17217124,43,12
89,90,Sovereign country,Swiss Confederation,8236303,13,496300,2017,2010,2016,2. Developed region: nonG7,1. High income: OECD,SZ,CHE,CHE,Europe,Europe,Western Europe,Europe & Central Asia,Switzerland,Switzerland,16.62640715,4.882623254,47,8
90,91,Sovereign country,Islamic Republic of Iran,82021564,16,1459000,2017,2006,2016,5. Emerging region: G20,3. Upper middle income,IR,IRN,IRN,Asia,Asia,Southern Asia,Middle East & North Africa,Iran,"Iran, Islamic Republic of",83.53352913,156.0879826,33,54
91,92,Sovereign country,Principality of Liechtenstein,38244,7,4978,2017,2010,2014,2. Developed region: nonG7,2. High income: nonOECD,LS,LIE,LIE,Europe,Europe,Western Europe,Europe & Central Asia,Liechtenstein,Liechtenstein,0.615380291,0.016274268,47,10
92,93,Sovereign country,Republic of Ivory Coast,24184810,15,87120,2017,1998,2016,6. Developing region,4. Lower middle income,IV,CIV,CIV,Africa,Africa,Western Africa,Sub-Saharan Africa,Ivory Coast,Côte d'Ivoire,36.28196791,26.28711872,8,-6
93,94,Sovereign country,Republic of Serbia,7111024,13,101800,2017,2011,2016,6. Developing region,3. Upper middle income,RI,SRB,SRB,Europe,Europe,Southern Europe,Europe & Central Asia,Serbia,Serbia,20.58867229,8.737883461,44,21
94,95,Sovereign country,Republic of Mali,17885245,14,38090,2017,2009,2016,7. Least developed region,5. Low income,ML,MLI,MLI,Africa,Africa,Western Africa,Sub-Saharan Africa,Mali,Mali,66.69879447,106.6824115,17,-4
95,96,Sovereign country,Republic of Senegal,14668522,14,39720,2017,2002,2016,7. Least developed region,4. Lower middle income,SG,SEN,SEN,Africa,Africa,Western Africa,Sub-Saharan Africa,Senegal,Senegal,34.31836394,16.44566893,14,-14
96,97,Sovereign country,Federal Republic of Nigeria,190632261,17,1089000,2017,2006,2016,5. Emerging region: G20,4. Lower middle income,NI,NGA,NGA,Africa,Africa,Western Africa,Sub-Saharan Africa,Nigeria,Nigeria,54.80388975,74.80306619,10,8
97,98,Sovereign country,Republic of Benin,11038805,14,24310,2017,2002,2016,7. Least developed region,5. Low income,BN,BEN,BEN,Africa,Africa,Western Africa,Sub-Saharan Africa,Benin,Benin,18.10431221,9.568112369,10,2
98,99,Sovereign country,People's Republic of Angola,29310273,15,189000,2017,1970,2016,7. Least developed region,3. Upper middle income,AO,AGO,AGO,Africa,Africa,Middle Africa,Sub-Saharan Africa,Angola,Angola,61.82904501,103.5854671,-12,18
99,100,Sovereign country,Republic of Croatia,4292095,12,94240,2017,2011,2016,2. Developed region: nonG7,2. High income: nonOECD,HR,HRV,HRV,Europe,Europe,Southern Europe,Europe & Central Asia,Croatia,Croatia,49.3088251,6.293751126,45,16
100,101,Sovereign country,Republic of Slovenia,1972126,12,68350,2017,2011,2016,2. Developed region: nonG7,1. High income: OECD,SI,SVN,SVN,Europe,Europe,Southern Europe,Europe & Central Asia,Slovenia,Slovenia,10.73514503,2.36579589,46,15
101,102,Sovereign country,State of Qatar,2314307,12,334500,2017,2010,2016,6. Developing region,2. High income: nonOECD,QA,QAT,QAT,Asia,Asia,Western Asia,Middle East & North Africa,Qatar,Qatar,5.56116614,0.999632235,25,51
102,103,Sovereign country,Kingdom of Saudi Arabia,28571770,15,1731000,2017,2010,2016,2. Developed region: nonG7,2. High income: nonOECD,SA,SAU,SAU,Asia,Asia,Western Asia,Middle East & North Africa,Saudi Arabia,Saudi Arabia,77.73644194,171.0157571,24,45
103,104,Sovereign country,Republic of Botswana,2214858,12,35900,2017,2011,2016,6. Developing region,3. Upper middle income,BC,BWA,BWA,Africa,Africa,Southern Africa,Sub-Saharan Africa,Botswana,Botswana,35.07867845,50.7393483,-22,24
104,105,Sovereign country,Republic of Zimbabwe,13805084,14,28330,2017,2002,2016,5. Emerging region: G20,5. Low income,ZI,ZWE,ZWE,Africa,Africa,Eastern Africa,Sub-Saharan Africa,Zimbabwe,Zimbabwe,26.90818616,33.41858309,-19,30
105,106,Sovereign country,Republic of Bulgaria,7101510,13,143100,2017,2011,2016,2. Developed region: nonG7,3. Upper middle income,BU,BGR,BGR,Europe,Europe,Eastern Europe,Europe & Central Asia,Bulgaria,Bulgaria,21.56978006,12.40285102,43,25
106,107,Sovereign country,Kingdom of Thailand,68414135,16,1161000,2017,2010,2016,5. Emerging region: G20,3. Upper middle income,TH,THA,THA,Asia,Asia,South-Eastern Asia,East Asia & Pacific,Thailand,Thailand,76.74902332,43.3239019,15,101
107,108,Sovereign country,Republic of San Marino,33537,7,2023,2017,2010,2016,2. Developed region: nonG7,2. High income: nonOECD,SM,SMR,SMR,Europe,Europe,Southern Europe,Europe & Central Asia,San Marino,San Marino,0.310292383,0.006761047,44,12
108,109,Sovereign country,Republic of Haiti,10646714,14,19340,2017,2003,2016,7. Least developed region,5. Low income,HA,HTI,HTI,North America,Americas,Caribbean,Latin America & Caribbean,Haiti,Haiti,16.21086671,2.306569962,19,-73
109,110,Sovereign country,Dominican Republic,10734247,14,161900,2017,2010,2016,6. Developing region,3. Upper middle income,DR,DOM,DOM,North America,Americas,Caribbean,Latin America & Caribbean,Dominican Republic,Dominican Republic,14.44888537,4.153770124,19,-70
110,111,Sovereign country,Republic of Chad,12075985,14,30590,2017,2009,2016,7. Least developed region,5. Low income,CD,TCD,TCD,Africa,Africa,Middle Africa,Sub-Saharan Africa,Chad,Chad,53.10173303,106.8075628,15,19
111,112,Sovereign country,State of Kuwait,2875422,12,301100,2017,2010,2016,6. Developing region,2. High income: nonOECD,KU,KWT,KWT,Asia,Asia,Western Asia,Middle East & North Africa,Kuwait,Kuwait,8.799803332,1.623276765,29,48
112,113,Sovereign country,Republic of El Salvador,6172011,13,54790,2017,2007,2016,6. Developing region,4. Lower middle income,ES,SLV,SLV,North America,Americas,Central America,Latin America & Caribbean,El Salvador,El Salvador,8.55787583,1.716491519,14,-89
113,114,Sovereign country,Republic of Guatemala,15460732,14,131800,2017,2002,2016,6. Developing region,4. Lower middle income,GT,GTM,GTM,North America,Americas,Central America,Latin America & Caribbean,Guatemala,Guatemala,17.74793395,9.174822029,16,-90
114,115,Sovereign country,Democratic Republic of Timor-Leste,1291358,12,4975,2017,2010,2016,7. Least developed region,4. Lower middle income,TT,TLS,TMP,Asia,Asia,South-Eastern Asia,East Asia & Pacific,East Timor,Timor-Leste,8.253505223,1.239586642,-9,126
115,116,Sovereign country,Negara Brunei Darussalam,443593,10,33730,2017,2001,2016,6. Developing region,2. High income: nonOECD,BX,BRN,BRN,Asia,Asia,South-Eastern Asia,East Asia & Pacific,Brunei,Brunei Darussalam,5.270602703,0.465836536,5,115
116,117,Sovereign country,Principality of Monaco,30645,7,7672,2017,2008,2015,2. Developed region: nonG7,2. High income: nonOECD,MN,MCO,MCO,Europe,Europe,Western Europe,Europe & Central Asia,Monaco,Monaco,0.182108259,0.002104909,44,7
117,118,Sovereign country,People's Democratic Republic of Algeria,40969443,15,609400,2017,2008,2016,6. Developing region,3. Upper middle income,AG,DZA,DZA,Africa,Africa,Northern Africa,Middle East & North Africa,Algeria,Algeria,71.64168692,212.6909406,28,3
118,119,Sovereign country,Republic of Mozambique,26573706,15,35010,2017,2007,2016,7. Least developed region,5. Low income,MZ,MOZ,MOZ,Africa,Africa,Eastern Africa,Sub-Saharan Africa,Mozambique,Mozambique,75.82774414,67.15973694,-17,36
119,120,Sovereign country,Kingdom of eSwatini,1467152,12,11060,2017,2007,2016,6. Developing region,4. Lower middle income,WZ,SWZ,SWZ,Africa,Africa,Southern Africa,Sub-Saharan Africa,eSwatini,eSwatini,5.069185766,1.550109233,-27,31
120,121,Sovereign country,Republic of Burundi,11466756,14,7892,2017,2008,2016,7. Least developed region,5. Low income,BY,BDI,BDI,Africa,Africa,Eastern Africa,Sub-Saharan Africa,Burundi,Burundi,8.08161325,2.200613793,-3,30
121,122,Sovereign country,Republic of Rwanda,11901484,14,21970,2017,2002,2016,7. Least developed region,5. Low income,RW,RWA,RWA,Africa,Africa,Eastern Africa,Sub-Saharan Africa,Rwanda,Rwanda,7.414580139,2.057061461,-2,30
122,123,Sovereign country,Republic of the Union of Myanmar,55123814,16,311100,2017,1983,2016,7. Least developed region,5. Low income,BM,MMR,MMR,Asia,Asia,South-Eastern Asia,East Asia & Pacific,Myanmar,Myanmar,106.2445966,57.78452885,21,96
123,124,Sovereign country,People's Republic of Bangladesh,157826578,17,628400,2017,2011,2016,7. Least developed region,5. Low income,BG,BGD,BGD,Asia,Asia,Southern Asia,South Asia,Bangladesh,Bangladesh,53.18713526,12.13624478,24,90
124,125,Sovereign country,Principality of Andorra,85702,8,3327,2017,1989,2015,2. Developed region: nonG7,2. High income: nonOECD,AN,AND,ADO,Europe,Europe,Southern Europe,Europe & Central Asia,Andorra,Andorra,1.057953177,0.049560734,43,2
125,126,Sovereign country,Islamic State of Afghanistan,34124811,15,64080,2017,1979,2016,7. Least developed region,5. Low income,AF,AFG,AFG,Asia,Asia,Southern Asia,South Asia,Afghanistan,Afghanistan,52.76582707,62.59166417,34,66
126,127,Sovereign country,Montenegro,642550,11,10610,2017,2011,2016,6. Developing region,3. Upper middle income,MJ,MNE,MNE,Europe,Europe,Southern Europe,Europe & Central Asia,Montenegro,Montenegro,7.910537545,1.510254546,43,19
127,128,Sovereign country,Bosnia and Herzegovina,3856181,12,42530,2017,1991,2016,6. Developing region,3. Upper middle income,BK,BIH,BIH,Europe,Europe,Southern Europe,Europe & Central Asia,Bosnia and Herzegovina,Bosnia and Herzegovina,14.19161671,5.832470376,44,18
128,129,Sovereign country,Republic of Uganda,39570125,15,84930,2017,2002,2016,7. Least developed region,5. Low income,UG,UGA,UGA,Africa,Africa,Eastern Africa,Sub-Saharan Africa,Uganda,Uganda,21.95498512,19.65878023,1,32
129,130,Lease,,7000,5,280,1999,-99,1999,2. Developed region: nonG7,2. High income: nonOECD,-99,-99,USA,North America,Americas,Caribbean,Latin America & Caribbean,Guantanamo Bay Naval Base,Guantanamo Bay (US),0.657741503,0.005638782,20,-75
130,131,Sovereign country,Republic of Cuba,11147407,14,132900,2017,2002,2016,5. Emerging region: G20,3. Upper middle income,CU,CUB,CUB,North America,Americas,Caribbean,Latin America & Caribbean,Cuba,Cuba,54.16247845,9.590755949,22,-79
131,132,Sovereign country,Republic of Honduras,9038741,13,43190,2017,2001,2016,6. Developing region,4. Lower middle income,HO,HND,HND,North America,Americas,Central America,Latin America & Caribbean,Honduras,Honduras,25.89132768,9.424317964,15,-87
132,133,Sovereign country,Republic of Ecuador,16290913,14,182400,2017,2010,2016,6. Developing region,3. Upper middle income,EC,ECU,ECU,South America,Americas,South America,Latin America & Caribbean,Ecuador,Ecuador,39.67945616,20.72962087,-1,-79
133,134,Sovereign country,Republic of Colombia,47698524,15,688000,2017,2006,2016,6. Developing region,3. Upper middle income,CO,COL,COL,South America,Americas,South America,Latin America & Caribbean,Colombia,Colombia,82.01607469,92.5765039,4,-73
134,135,Sovereign country,Republic of Paraguay,6943739,13,64670,2017,2002,2016,5. Emerging region: G20,4. Lower middle income,PA,PRY,PRY,South America,Americas,South America,Latin America & Caribbean,Paraguay,Paraguay,32.87295164,35.30339359,-23,-58
135,136,Sovereign country,Portuguese Republic,10839514,14,297100,2017,2011,2016,2. Developed region: nonG7,1. High income: OECD,PO,PRT,PRT,Europe,Europe,Southern Europe,Europe & Central Asia,Portugal,Portugal,32.75858409,9.585263358,40,-9
136,137,Sovereign country,Republic of Moldova,3474121,12,18540,2017,2004,2016,6. Developing region,4. Lower middle income,MD,MDA,MDA,Europe,Europe,Eastern Europe,Europe & Central Asia,Moldova,Moldova,14.39407029,3.941900832,47,28
137,138,Sovereign country,Turkmenistan,5351277,13,94720,2017,1995,2016,6. Developing region,3. Upper middle income,TX,TKM,TKM,Asia,Asia,Central Asia,Europe & Central Asia,Turkmenistan,Turkmenistan,57.70583202,49.05929314,39,59
138,139,Sovereign country,Hashemite Kingdom of Jordan,10248069,14,86190,2017,2004,2016,6. Developing region,3. Upper middle income,JO,JOR,JOR,Asia,Asia,Western Asia,Middle East & North Africa,Jordan,Jordan,16.52998669,8.415063775,31,37
139,140,Sovereign country,Nepal,29384297,15,71520,2017,2001,2016,7. Least developed region,5. Low income,NP,NPL,NPL,Asia,Asia,Southern Asia,South Asia,Nepal,Nepal,25.11249849,13.5278468,28,84
140,141,Sovereign country,Kingdom of Lesotho,1958042,12,6019,2017,2006,2016,7. Least developed region,4. Lower middle income,LT,LSO,LSO,Africa,Africa,Southern Africa,Sub-Saharan Africa,Lesotho,Lesotho,7.610840213,2.803340277,-30,28
141,142,Sovereign country,Republic of Cameroon,24994885,15,77240,2017,2005,2016,6. Developing region,4. Lower middle income,CM,CMR,CMR,Africa,Africa,Middle Africa,Sub-Saharan Africa,Cameroon,Cameroon,46.00565729,37.93757079,6,13
142,143,Sovereign country,Gabonese Republic,1772255,12,35980,2017,2003,2016,6. Developing region,3. Upper middle income,GB,GAB,GAB,Africa,Africa,Middle Africa,Sub-Saharan Africa,Gabon,Gabon,37.17586261,21.12697702,-1,12
143,144,Sovereign country,Republic of Niger,19245344,14,20150,2017,2001,2016,7. Least developed region,5. Low income,NG,NER,NER,Africa,Africa,Western Africa,Sub-Saharan Africa,Niger,Niger,51.55448462,100.5733073,17,9
144,145,Sovereign country,Burkina Faso,20107509,15,32990,2017,2006,2016,7. Least developed region,5. Low income,UV,BFA,BFA,Africa,Africa,Western Africa,Sub-Saharan Africa,Burkina Faso,Burkina Faso,29.86550702,22.66904567,12,-2
145,146,Sovereign country,Togolese Republic,7965055,13,11610,2017,2010,2016,7. Least developed region,5. Low income,TO,TGO,TGO,Africa,Africa,Western Africa,Sub-Saharan Africa,Togo,Togo,14.97381207,4.671139109,9,1
146,147,Sovereign country,Republic of Ghana,27499924,15,120800,2017,2010,2016,6. Developing region,4. Lower middle income,GH,GHA,GHA,Africa,Africa,Western Africa,Sub-Saharan Africa,Ghana,Ghana,23.36452546,19.58114282,8,-1
147,148,Sovereign country,Republic of Guinea-Bissau,1792338,12,2851,2017,2009,2016,7. Least developed region,5. Low income,PU,GNB,GNB,Africa,Africa,Western Africa,Sub-Saharan Africa,Guinea-Bissau,Guinea-Bissau,23.74092464,2.725398358,12,-15
148,149,Dependency,,29396,7,2044,2017,-99,2014,2. Developed region: nonG7,1. High income: OECD,GI,GIB,GIB,Europe,Europe,Southern Europe,Europe & Central Asia,Gibraltar,Gibraltar (UK),0.085998692,0.000369676,36,-5
149,150,Country,United States of America,326625791,17,18560000,2017,2010,2016,1. Developed region: G7,1. High income: OECD,US,USA,USA,North America,Americas,Northern America,North America,United States of America,United States of America,948.7243188,1116.361761,46,-112
150,151,Sovereign country,Canada,35623680,15,1674000,2017,2011,2016,1. Developed region: G7,1. High income: OECD,CA,CAN,CAN,North America,Americas,Northern America,North America,Canada,Canada,2573.712484,1691.869076,61,-98
151,152,Sovereign country,United Mexican States,124574795,17,2307000,2017,2010,2016,4. Emerging region: MIKT,3. Upper middle income,MX,MEX,MEX,North America,Americas,Central America,Latin America & Caribbean,Mexico,Mexico,182.0662131,174.2020213,24,-103
152,153,Sovereign country,Belize,360346,10,3088,2017,2010,2016,6. Developing region,4. Lower middle income,BH,BLZ,BLZ,North America,Americas,Central America,Latin America & Caribbean,Belize,Belize,10.8562882,1.89441427,17,-89
153,154,Sovereign country,Republic of Panama,3753142,12,93120,2017,2010,2016,6. Developing region,3. Upper middle income,PM,PAN,PAN,North America,Americas,Central America,Latin America & Caribbean,Panama,Panama,35.64039962,6.120870811,9,-80
154,155,Sovereign country,Bolivarian Republic of Venezuela,31304016,15,468600,2017,2001,2016,5. Emerging region: G20,3. Upper middle income,VE,VEN,VEN,South America,Americas,South America,Latin America & Caribbean,Venezuela,"Venezuela, Republica Bolivariana de",88.93540711,74.77873991,7,-66
155,156,Sovereign country,Independent State of Papua New Guinea,6909701,13,28020,2017,2000,2016,6. Developing region,4. Lower middle income,PP,PNG,PNG,Oceania,Oceania,Melanesia,East Asia & Pacific,Papua New Guinea,Papua New Guinea,108.3082603,38.04366765,-6,145
156,157,Sovereign country,Arab Republic of Egypt,97041072,16,1105000,2017,2006,2016,5. Emerging region: G20,4. Lower middle income,EG,EGY,EGY,Africa,Africa,Northern Africa,Middle East & North Africa,Egypt,"Egypt, Arab Republic of",61.15928804,90.73192635,26,30
157,158,Sovereign country,Republic of Yemen,28036829,15,73450,2017,2004,2016,7. Least developed region,4. Lower middle income,YM,YEM,YEM,Asia,Asia,Western Asia,Middle East & North Africa,Yemen,"Yemen, Republic of",37.30542166,38.24670164,16,48
158,159,Sovereign country,Islamic Republic of Mauritania,3758571,12,16710,2017,2000,2016,7. Least developed region,5. Low income,MR,MRT,MRT,Africa,Africa,Western Africa,Sub-Saharan Africa,Mauritania,Mauritania,54.85724396,89.72189312,20,-10
159,160,Sovereign country,Republic of Equatorial Guinea,778358,11,31770,2017,2002,2016,7. Least developed region,2. High income: nonOECD,EK,GNQ,GNQ,Africa,Africa,Middle Africa,Sub-Saharan Africa,Equatorial Guinea,Equatorial Guinea,8.85692075,2.167882816,2,10
160,161,Sovereign country,Republic of the Gambia,2051363,12,3387,2017,2003,2016,7. Least developed region,5. Low income,GA,GMB,GMB,Africa,Africa,Western Africa,Sub-Saharan Africa,The Gambia,"Gambia, The",11.2693999,0.876541797,13,-15
161,162,Country,"Hong Kong Special Administrative Region, PRC",7191503,13,427400,2017,2006,2016,6. Developing region,2. High income: nonOECD,HK,HKG,HKG,Asia,Asia,Eastern Asia,East Asia & Pacific,Hong Kong,"Hong Kong (SAR, China)",4.254973372,0.090865782,22,114
162,163,Sovereign country,State of the Vatican City,1000,3,0,2015,-99,0,2. Developed region: nonG7,2. High income: nonOECD,VT,VAT,VAT,Europe,Europe,Southern Europe,Europe & Central Asia,Vatican City,Vatican City,0.004431495,1.32416E-06,42,12
163,164,Country,Commonwealth of Australia,23232413,15,1189000,2017,2006,2016,2. Developed region: nonG7,1. High income: OECD,AS,AUS,AUS,Oceania,Oceania,Australia and New Zealand,East Asia & Pacific,Australia,Australia,322.9672845,695.9093183,-26,134
164,165,Country,Greenland,57713,8,2173,2017,2010,2015,2. Developed region: nonG7,2. High income: nonOECD,GL,GRL,GRL,North America,Americas,Northern America,Europe & Central Asia,Greenland,Greenland (Den.),1003.536177,659.8774518,75,-41
165,166,Sovereign country,Republic of Fiji,920938,11,8374,2017,2007,2016,6. Developing region,4. Lower middle income,FJ,FJI,FJI,Oceania,Oceania,Melanesia,East Asia & Pacific,Fiji,Fiji,24.08275373,1.610250237,-17,163
166,167,Dependency,New Caledonia,279070,10,10770,2017,2009,2016,6. Developing region,2. High income: nonOECD,NC,NCL,NCL,Oceania,Oceania,Melanesia,East Asia & Pacific,New Caledonia,New Caledonia (Fr.),17.61691111,1.640114124,-21,166
167,168,Sovereign country,Republic of Madagascar,25054161,15,36860,2017,1993,2016,7. Least developed region,5. Low income,MA,MDG,MDG,Africa,Africa,Eastern Africa,Sub-Saharan Africa,Madagascar,Madagascar,49.83043208,51.06968344,-19,47
168,169,Sovereign country,Republic of the Philippines,104256076,17,801900,2017,2010,2016,5. Emerging region: G20,4. Lower middle income,RP,PHL,PHL,Asia,Asia,South-Eastern Asia,East Asia & Pacific,Philippines,Philippines,157.2229066,24.37122124,12,123
169,170,Sovereign country,Democratic Socialist Republic of Sri Lanka,22409381,15,236700,2017,2001,2016,6. Developing region,4. Lower middle income,CE,LKA,LKA,Asia,Asia,Southern Asia,South Asia,Sri Lanka,Sri Lanka,17.95690288,5.432873201,8,81
170,171,Country,Curaçao,149648,9,3128,2017,-99,2012,6. Developing region,2. High income: nonOECD,NT,CUW,CUW,North America,Americas,Caribbean,Latin America & Caribbean,Curaçao,Curaçao (Neth.),1.207040043,0.038479993,12,-69
171,172,Country,Aruba,115120,9,2516,2017,2010,2009,6. Developing region,2. High income: nonOECD,AA,ABW,ABW,North America,Americas,Caribbean,Latin America & Caribbean,Aruba,Aruba (Neth.),0.652367088,0.014118879,13,-70
172,173,Sovereign country,Commonwealth of the Bahamas,329988,10,9066,2017,2010,2016,6. Developing region,2. High income: nonOECD,BF,BHS,BHS,North America,Americas,Caribbean,Latin America & Caribbean,The Bahamas,"Bahamas, The",35.73681942,1.119749561,24,-77
173,174,Dependency,Turks and Caicos Islands,52570,8,632,2017,2001,2007,6. Developing region,2. High income: nonOECD,TK,TCA,TCA,North America,Americas,Caribbean,Latin America & Caribbean,Turks and Caicos Islands,Turks and Caicos Islands (UK),3.456224631,0.038878359,22,-72
174,175,Sovereign country,Japan,126451398,17,4932000,2017,2010,2016,1. Developed region: G7,1. High income: OECD,JA,JPN,JPN,Asia,Asia,Eastern Asia,East Asia & Pacific,Japan,Japan,155.1139965,38.17138264,38,138
175,176,Dependency,Saint Pierre and Miquelon,5533,5,215.3,2017,-99,2016,2. Developed region: nonG7,3. Upper middle income,SB,SPM,SPM,North America,Americas,Northern America,North America,Saint Pierre and Miquelon,Saint-Pierre-et-Miquelon (Fr.),1.440638789,0.02867437,47,-56
176,177,Sovereign country,Republic of Iceland,339747,10,16150,2017,-99,2016,2. Developed region: nonG7,1. High income: OECD,IC,ISL,ISL,Europe,Europe,Northern Europe,Europe & Central Asia,Iceland,Iceland,83.05058553,19.46723114,65,-19
177,178,Dependency,"Pitcairn, Henderson, Ducie and Oeno Islands",54,1,0,2016,-99,2016,7. Least developed region,5. Low income,PC,PCN,PCN,Oceania,Oceania,Polynesia,East Asia & Pacific,Pitcairn Islands,Pitcairn Islands (UK),0.390317873,0.003789309,-24,-128
178,179,Dependency,French Polynesia,287881,10,5490,2017,2007,2016,6. Developing region,2. High income: nonOECD,FP,PYF,PYF,Oceania,Oceania,Polynesia,East Asia & Pacific,French Polynesia,French Polynesia (Fr.),20.21736442,0.281392144,-15,-145
179,180,Dependency,Territory of the French Southern and Antarctic Lands,140,1,16,2017,-99,2016,6. Developing region,2. High income: nonOECD,FS,ATF,ATF,Seven seas (open ocean),Seven seas (open ocean),Seven seas (open ocean),Sub-Saharan Africa,French Southern and Antarctic Lands,French Southern and Antarctic Lands (Fr.),17.94015975,0.896286371,-49,69
180,181,Sovereign country,Republic of Seychelles,93920,8,2608,2017,2010,2016,6. Developing region,3. Upper middle income,SE,SYC,SYC,Seven seas (open ocean),Africa,Eastern Africa,Sub-Saharan Africa,Seychelles,Seychelles,3.533652596,0.035644795,-6,52
181,182,Sovereign country,Republic of Kiribati,108145,9,211,2017,2005,2016,7. Least developed region,4. Lower middle income,KR,KIR,KIR,Oceania,Oceania,Micronesia,East Asia & Pacific,Kiribati,Kiribati,10.48855693,0.0772677,1,-52
182,183,Sovereign country,Republic of the Marshall Islands,74539,8,180,2017,2011,2016,6. Developing region,4. Lower middle income,RM,MHL,MHL,Oceania,Oceania,Micronesia,East Asia & Pacific,Marshall Islands,Marshall Islands,3.674870029,0.013495535,7,170
183,184,Sovereign country,Republic of Trinidad and Tobago,1218208,12,43570,2017,2011,2016,6. Developing region,2. High income: nonOECD,TD,TTO,TTO,North America,Americas,Caribbean,Latin America & Caribbean,Trinidad and Tobago,Trinidad and Tobago,4.662538151,0.423053923,10,-61
184,185,Sovereign country,Grenada,111724,9,1511,2017,2011,2016,6. Developing region,3. Upper middle income,GJ,GRD,GRD,North America,Americas,Caribbean,Latin America & Caribbean,Grenada,Grenada,1.037692393,0.02884146,12,-62
185,186,Sovereign country,Saint Vincent and the Grenadines,102089,9,1241,2017,2011,2016,6. Developing region,3. Upper middle income,VC,VCT,VCT,North America,Americas,Caribbean,Latin America & Caribbean,Saint Vincent and the Grenadines,Saint Vincent and the Grenadines,1.228524484,0.030665912,13,-61
186,187,Sovereign country,Barbados,292336,10,4804,2017,2010,2016,6. Developing region,2. High income: nonOECD,BB,BRB,BRB,North America,Americas,Caribbean,Latin America & Caribbean,Barbados,Barbados,0.817650675,0.037039777,13,-60
187,188,Sovereign country,Saint Lucia,164994,9,2083,2017,2010,2016,6. Developing region,3. Upper middle income,ST,LCA,LCA,North America,Americas,Caribbean,Latin America & Caribbean,Saint Lucia,Saint Lucia,0.969618606,0.050606092,14,-61
188,189,Sovereign country,Commonwealth of Dominica,73897,8,812,2017,2011,2016,6. Developing region,3. Upper middle income,DO,DMA,DMA,North America,Americas,Caribbean,Latin America & Caribbean,Dominica,Dominica,1.165521738,0.061493319,15,-61
189,190,Dependency,,5292,5,43.8,2017,-99,2006,6. Developing region,4. Lower middle income,MH,MSR,MSR,North America,Americas,Caribbean,Latin America & Caribbean,Montserrat,Montserrat (UK),0.384947122,0.008439961,17,-62
190,191,Sovereign country,Antigua and Barbuda,94731,8,2171,2017,2011,2016,6. Developing region,3. Upper middle income,AC,ATG,ATG,North America,Americas,Caribbean,Latin America & Caribbean,Antigua and Barbuda,Antigua and Barbuda,1.639974612,0.038368395,17,-62
191,192,Sovereign country,Federation of Saint Kitts and Nevis,52715,8,1427,2017,2011,2016,6. Developing region,2. High income: nonOECD,SC,KNA,KNA,North America,Americas,Caribbean,Latin America & Caribbean,Saint Kitts and Nevis,Saint Kitts and Nevis,0.981341587,0.022444341,17,-63
192,193,Dependency,Virgin Islands of the United States,107268,9,3792,2017,2010,2013,6. Developing region,2. High income: nonOECD,VQ,VIR,VIR,North America,Americas,Caribbean,Latin America & Caribbean,United States Virgin Islands,U.S. Virgin Islands (US),1.705456472,0.03026536,18,-65
193,194,Dependency,Saint-Barthélemy,7184,5,255,2017,-99,2016,2. Developed region: nonG7,1. High income: OECD,TB,BLM,BLM,North America,Americas,Caribbean,Latin America & Caribbean,Saint-Barthélemy,Saint-Barthélemy (Fr.),0.19524892,0.00208241,18,-63
194,195,Dependency,Commonwealth of Puerto Rico,3351827,12,131000,2017,2010,2016,6. Developing region,2. High income: nonOECD,RQ,PRI,PRI,North America,Americas,Caribbean,Latin America & Caribbean,Puerto Rico,Puerto Rico (US),6.091411158,0.769281989,18,-66
195,196,Dependency,,17087,6,175.4,2017,-99,2009,6. Developing region,3. Upper middle income,AV,AIA,AIA,North America,Americas,Caribbean,Latin America & Caribbean,Anguilla,Anguilla (UK),0.506123517,0.006891309,18,-63
196,197,Dependency,British Virgin Islands,35015,7,500,2017,-99,2010,2. Developed region: nonG7,1. High income: OECD,VI,VGB,VGB,North America,Americas,Caribbean,Latin America & Caribbean,British Virgin Islands,British Virgin Islands (UK),1.374538947,0.012400495,19,-65
197,198,Sovereign country,Jamaica,2990561,12,25390,2017,2011,2016,6. Developing region,3. Upper middle income,JM,JAM,JAM,North America,Americas,Caribbean,Latin America & Caribbean,Jamaica,Jamaica,5.977438033,0.942061827,18,-77
198,199,Dependency,Cayman Islands,58441,8,2507,2017,2010,2014,5. Emerging region: G20,2. High income: nonOECD,CJ,CYM,CYM,North America,Americas,Caribbean,Latin America & Caribbean,Cayman Islands,Cayman Islands (UK),1.704955281,0.026596904,19,-81
199,200,Dependency,The Bermudas or Somers Isles,70864,8,5198,2017,2010,2013,2. Developed region: nonG7,2. High income: nonOECD,BD,BMU,BMU,North America,Americas,Northern America,North America,Bermuda,Bermuda (UK),1.025375077,0.005965839,32,-65
200,201,Dependency,Territory of Heard Island and McDonald Islands,0,1,0,2017,-99,2016,7. Least developed region,5. Low income,HM,HMD,HMD,Seven seas (open ocean),Seven seas (open ocean),Seven seas (open ocean),Sub-Saharan Africa,Heard Island and McDonald Islands,Heard Island and McDonald Islands (Aus.),1.412282189,0.052953979,-53,74
201,202,Dependency,,7828,5,31.1,2017,-99,2010,6. Developing region,4. Lower middle income,SH,SHN,SHN,Seven seas (open ocean),Africa,Western Africa,Sub-Saharan Africa,Saint Helena,"Saint Helena, Ascension and Tristan da Cunha (UK)",1.489643267,0.033666337,-25,-10
202,203,Sovereign country,Republic of Mauritius,1356388,12,25850,2017,2011,2016,6. Developing region,3. Upper middle income,MP,MUS,MUS,Seven seas (open ocean),Africa,Eastern Africa,Sub-Saharan Africa,Mauritius,Mauritius,2.317759379,0.174103608,-20,58
203,204,Sovereign country,Union of the Comoros,808080,11,1259,2017,2003,2016,7. Least developed region,5. Low income,CN,COM,COM,Africa,Africa,Eastern Africa,Sub-Saharan Africa,Comoros,Comoros,3.115650619,0.138752073,-12,44
204,205,Sovereign country,Democratic Republic of São Tomé and Principe,201025,10,694,2017,2001,2016,7. Least developed region,4. Lower middle income,TP,STP,STP,Africa,Africa,Middle Africa,Sub-Saharan Africa,São Tomé and Príncipe,São Tomé and Príncipe,1.665591848,0.084265103,0,7
205,206,Sovereign country,Republic of Cabo Verde,560899,11,3583,2017,2010,2016,6. Developing region,4. Lower middle income,CV,CPV,CPV,Africa,Africa,Western Africa,Sub-Saharan Africa,Cape Verde,Cabo Verde,7.407786789,0.327783468,16,-24
206,207,Sovereign country,Republic of Malta,416338,10,16320,2017,2005,2016,2. Developed region: nonG7,2. High income: nonOECD,MT,MLT,MLT,Europe,Europe,Southern Europe,Middle East & North Africa,Malta,Malta,1.115304262,0.032521902,36,14
207,208,Country,Bailiwick of Jersey,98840,8,5080,2017,2001,2015,2. Developed region: nonG7,2. High income: nonOECD,JE,JEY,JEY,Europe,Europe,Northern Europe,Europe & Central Asia,Jersey,Jersey (UK),0.625713958,0.014694514,49,-2
208,209,Country,Bailiwick of Guernsey,66502,8,3465,2017,2001,2015,2. Developed region: nonG7,2. High income: nonOECD,GK,GGY,GGY,Europe,Europe,Northern Europe,Europe & Central Asia,Guernsey,Guernsey (UK),0.711213093,0.009180609,49,-3
209,210,Country,,88815,8,7428,2017,2006,2014,2. Developed region: nonG7,2. High income: nonOECD,IM,IMN,IMY,Europe,Europe,Northern Europe,Europe & Central Asia,Isle of Man,Isle of Man (UK),1.40996133,0.079185545,54,-5
210,211,Dependency,Føroyar Is. (Faeroe Is.),50730,8,2001,2017,2011,2014,2. Developed region: nonG7,2. High income: nonOECD,FO,FRO,FRO,Europe,Europe,Northern Europe,Europe & Central Asia,Faroe Islands,Faroe Islands (Den.),10.26969248,0.228057931,62,-7
211,212,Dependency,,4000,4,160,2013,-99,2013,2. Developed region: nonG7,2. High income: nonOECD,IO,IOT,IOT,Seven seas (open ocean),Seven seas (open ocean),Seven seas (open ocean),Sub-Saharan Africa,British Indian Ocean Territory,British Indian Ocean Territory (UK),1.171956486,0.004016277,-7,72
212,213,Sovereign country,Republic of Singapore,5888926,13,487900,2017,2010,2016,6. Developing region,2. High income: nonOECD,SN,SGP,SGP,Asia,Asia,South-Eastern Asia,East Asia & Pacific,Singapore,Singapore,0.872987782,0.041485076,1,104
213,214,Dependency,Territory of Norfolk Island,2210,4,33.15,2014,-99,2016,6. Developing region,4. Lower middle income,NF,NFK,NFK,Oceania,Oceania,Australia and New Zealand,East Asia & Pacific,Norfolk Island,Norfolk Island (Aus.),0.300075498,0.003811237,-29,168
214,215,Dependency,,9290,5,244.1,2017,-99,2010,6. Developing region,3. Upper middle income,CW,COK,COK,Oceania,Oceania,Polynesia,East Asia & Pacific,Cook Islands,Cook Islands (NZ),1.764192436,0.016506332,-20,-159
215,216,Sovereign country,Kingdom of Tonga,106479,9,557,2017,2006,2016,6. Developing region,4. Lower middle income,TN,TON,TON,Oceania,Oceania,Polynesia,East Asia & Pacific,Tonga,Tonga,3.20486107,0.052101741,-20,-175
216,217,Dependency,Wallis and Futuna Islands,15714,6,60,2017,-99,2016,6. Developing region,4. Lower middle income,WF,WLF,WLF,Oceania,Oceania,Polynesia,East Asia & Pacific,Wallis and Futuna,Wallis-et-Futuna (Fr.),0.723244473,0.011644272,-14,-177
217,218,Sovereign country,Independent State of Samoa,200108,10,1046,2017,2006,2016,7. Least developed region,4. Lower middle income,WS,WSM,WSM,Oceania,Oceania,Polynesia,East Asia & Pacific,Samoa,Samoa,3.139799112,0.232377855,-14,-172
218,219,Sovereign country,,647581,11,1198,2017,2009,2016,7. Least developed region,4. Lower middle income,BP,SLB,SLB,Oceania,Oceania,Melanesia,East Asia & Pacific,Solomon Islands,Solomon Islands,40.7215147,2.236402439,-9,160
219,220,Sovereign country,Tuvalu,11052,6,39,2017,2002,2016,7. Least developed region,3. Upper middle income,TV,TUV,TUV,Oceania,Oceania,Polynesia,East Asia & Pacific,Tuvalu,Tuvalu,0.700800124,0.001887149,-8,179
220,221,Sovereign country,Republic of Maldives,392709,10,5407,2017,2011,2016,6. Developing region,3. Upper middle income,MV,MDV,MDV,Seven seas (open ocean),Asia,Southern Asia,South Asia,Maldives,Maldives,4.678534683,0.008860214,4,73
221,222,Sovereign country,Republic of Nauru,9642,5,150.8,2017,-99,2015,6. Developing region,4. Lower middle income,NR,NRU,NRU,Oceania,Oceania,Micronesia,East Asia & Pacific,Nauru,Nauru,0.178795442,0.002337144,-1,167
222,223,Sovereign country,Federated States of Micronesia,104196,9,314,2017,2000,2016,6. Developing region,4. Lower middle income,FM,FSM,FSM,Oceania,Oceania,Micronesia,East Asia & Pacific,Federated States of Micronesia,"Micronesia, Federated States of",3.111983433,0.051882183,7,155
223,224,Dependency,South Georgia and the Islands,30,1,0.3,2017,-99,2016,7. Least developed region,5. Low income,SX,SGS,SGS,Seven seas (open ocean),Seven seas (open ocean),Seven seas (open ocean),Antarctica,South Georgia and the South Sandwich Islands,South Georgia and South Sandwich Islands (UK),12.34340716,0.546243656,-55,-36
224,225,Dependency,Falkland Islands,2931,4,281.8,2014,-99,2012,2. Developed region: nonG7,1. High income: OECD,FK,FLK,FLK,South America,Americas,South America,Latin America & Caribbean,Falkland Islands,Falkland Islands (UK)/Islas Malvinas,29.37907297,1.508776316,-52,-59
225,226,Sovereign country,Republic of Vanuatu,282814,10,723,2017,2009,2016,7. Least developed region,4. Lower middle income,NH,VUT,VUT,Oceania,Oceania,Melanesia,East Asia & Pacific,Vanuatu,Vanuatu,20.77473055,1.03955392,-16,168
226,227,Dependency,,1626,3,10,2015,-99,2003,6. Developing region,3. Upper middle income,NE,NIU,NIU,Oceania,Oceania,Polynesia,East Asia & Pacific,Niue,Niue (NZ),0.58195838,0.018930655,-19,-170
227,228,Dependency,American Samoa,51504,8,711,2017,2010,2013,6. Developing region,3. Upper middle income,AQ,ASM,ASM,Oceania,Oceania,Polynesia,East Asia & Pacific,American Samoa,American Samoa (US),1.073705052,0.015101439,-14,-170
228,229,Sovereign country,Republic of Palau,21431,7,276,2017,2010,2016,6. Developing region,3. Upper middle income,PS,PLW,PLW,Oceania,Oceania,Micronesia,East Asia & Pacific,Palau,Palau,2.483924889,0.040280523,7,134
229,230,Dependency,Territory of Guam,167358,9,4882,2017,2010,2013,6. Developing region,2. High income: nonOECD,GQ,GUM,GUM,Oceania,Oceania,Micronesia,East Asia & Pacific,Guam,Guam (US),1.178240709,0.047093815,13,145
230,231,Dependency,Commonwealth of the Northern Mariana Islands,52263,8,682,2017,2010,2013,6. Developing region,2. High income: nonOECD,CQ,MNP,MNP,Oceania,Oceania,Micronesia,East Asia & Pacific,Northern Mariana Islands,Northern Mariana Islands (US),2.905004597,0.048995145,16,146
231,232,Sovereign country,Kingdom of Bahrain,1410942,12,66370,2017,2010,2016,6. Developing region,2. High income: nonOECD,BA,BHR,BHR,Asia,Asia,Western Asia,Middle East & North Africa,Bahrain,Bahrain,1.263712777,0.052759771,26,51
232,233,Dependency,,0,1,0,2017,-99,2016,7. Least developed region,5. Low income,IP,-99,FRA,Seven seas (open ocean),Americas,Central America,Latin America & Caribbean,Clipperton Island,Clipperton Island (Fr.),0.081190068,0.000412839,10,-109
233,234,Country,"Macao Special Administrative Region, PRC",601969,11,63220,2017,2011,2016,6. Developing region,2. High income: nonOECD,MC,MAC,MAC,Asia,Asia,Eastern Asia,East Asia & Pacific,Macau,"Macau (SAR, China)",0.423646272,0.002633279,22,114
234,235,Country,Kingdom of the Netherlands,17084719,14,870800,2017,2011,2016,2. Developed region: nonG7,1. High income: OECD,NL,NLD,BES,Europe,Europe,Western Europe,Europe & Central Asia,Netherlands,Bonaire (Neth.),0.870961448,0.022355077,12,-68
235,236,Country,Kingdom of the Netherlands,17084719,14,870800,2017,2011,2016,2. Developed region: nonG7,1. High income: OECD,NL,NLD,BES,Europe,Europe,Western Europe,Europe & Central Asia,Netherlands,Sint Eustatius (Neth.),0.178177531,0.001619393,17,-63
236,237,Country,Kingdom of the Netherlands,17084719,14,870800,2017,2011,2016,2. Developed region: nonG7,1. High income: OECD,NL,NLD,BES,Europe,Europe,Western Europe,Europe & Central Asia,Netherlands,Saba (Neth.),0.090968326,0.000601458,18,-63
237,238,Country,Kingdom of the Netherlands,17084719,14,870800,2017,2011,2016,2. Developed region: nonG7,1. High income: OECD,NL,NLD,NLD,Europe,Europe,Western Europe,Europe & Central Asia,Netherlands,Netherlands,22.81638593,4.88454044,52,6
238,239,Dependency,,2801,4,42.02,2017,-99,2016,2. Developed region: nonG7,2. High income: nonOECD,-99,-99,CCK,Asia,Seven seas (open ocean),Seven seas (open ocean),East Asia & Pacific,Australian Indian Ocean Territories,Cocos (Keeling) Islands (Aus.),0.318737798,0.00109706,-12,97
239,240,Dependency,,2801,4,42.02,2017,-99,2016,2. Developed region: nonG7,2. High income: nonOECD,-99,-99,CXR,Asia,Seven seas (open ocean),Seven seas (open ocean),East Asia & Pacific,Australian Indian Ocean Territories,Christmas Island (Aus.),0.489927661,0.008152922,-10,106
240,241,Dependency,,300,2,0,0,-99,0,7. Least developed region,5. Low income,-99,UMI,UMI,North America,Seven seas (open ocean),Seven seas (open ocean),East Asia & Pacific,United States Minor Outlying Islands,Johnston Atoll (US),0.113207806,0.000208098,17,-170
241,242,Dependency,,300,2,0,0,-99,0,7. Least developed region,5. Low income,-99,UMI,UMI,North America,Seven seas (open ocean),Seven seas (open ocean),East Asia & Pacific,United States Minor Outlying Islands,Jarvis Island (US),0.059293945,0.000189857,0,-160
242,243,Dependency,,300,2,0,0,-99,0,7. Least developed region,5. Low income,-99,UMI,UMI,North America,Seven seas (open ocean),Seven seas (open ocean),East Asia & Pacific,United States Minor Outlying Islands,Baker Island (US),0.046053412,5.80773E-05,0,-176
243,244,Dependency,,300,2,0,0,-99,0,7. Least developed region,5. Low income,-99,UMI,UMI,North America,Seven seas (open ocean),Seven seas (open ocean),East Asia & Pacific,United States Minor Outlying Islands,Howland Island (US),0.035559315,3.89144E-05,1,-177
244,245,Dependency,,300,2,0,0,-99,0,7. Least developed region,5. Low income,-99,UMI,UMI,North America,Seven seas (open ocean),Seven seas (open ocean),East Asia & Pacific,United States Minor Outlying Islands,Wake Island (US),0.108124723,0.000336574,19,167
245,246,Dependency,,300,2,0,0,-99,0,7. Least developed region,5. Low income,-99,UMI,UMI,North America,Seven seas (open ocean),Seven seas (open ocean),East Asia & Pacific,United States Minor Outlying Islands,Midway Islands (US),0.110434303,0.000322402,28,-177
246,247,Dependency,,300,2,0,0,-99,0,7. Least developed region,5. Low income,-99,UMI,USA,North America,Seven seas (open ocean),Seven seas (open ocean),East Asia & Pacific,United States Minor Outlying Islands,Navassa Island (US),0.08560824,0.000412963,18,-75
247,248,Dependency,,300,2,0,0,-99,0,7. Least developed region,5. Low income,-99,UMI,UMI,North America,Seven seas (open ocean),Seven seas (open ocean),East Asia & Pacific,United States Minor Outlying Islands,Palmyra Atoll (US),0.14736271,0.000575824,6,-162
248,249,Dependency,,300,2,0,0,-99,0,7. Least developed region,5. Low income,-99,UMI,UMI,North America,Seven seas (open ocean),Seven seas (open ocean),East Asia & Pacific,United States Minor Outlying Islands,Kingman Reef (US),0.059570314,0.000221789,6,-162
249,250,Country,New Zealand,4510327,12,174800,2017,2006,2016,2. Developed region: nonG7,1. High income: OECD,NZ,NZL,TKL,Oceania,Oceania,Australia and New Zealand,East Asia & Pacific,New Zealand,Tokelau (NZ),0.178453164,0.000348207,-9,-172
250,251,Country,New Zealand,4510327,12,174800,2017,2006,2016,2. Developed region: nonG7,1. High income: OECD,NZ,NZL,NZL,Oceania,Oceania,Australia and New Zealand,East Asia & Pacific,New Zealand,New Zealand,104.8289859,29.14354218,-42,171
